wavs_converted/nep_6587_6276223627|बाइस जुलाई दुई हजार दसमा अ भेरि स्टारकिड एल्बम आइट्युन्स अमेजन डट कमको माध्यमबाट जारी भएको थियो|6587
wavs_converted/nep_0546_7857067919|तयारी किनेमालाई घाममा राम्ररी सुकाएर राखिन्छ आवश्यकता पर्दा झिकिन्छ कतै कोसेलीको रूपमा पनि पठाउन सकिन्छ|0546
wavs_converted/nep_2099_9755003560|पत्रिकाको सम्पादन कार्य विष्णुकुमारी लिम्बुद्वारा भएको|2099
wavs_converted/nep_3614_6283311594|विकिमिडिया श्रेणी पृष्ठ|3614
wavs_converted/nep_0258_7147057872|मनोरथ खडायतको जन्म सुदूरपश्चिम नेपालको डडेलधुरा जिल्लामा भएको हो|0258
wavs_converted/nep_0546_8955529673|जुँगे भट्टराईको जन्म सुदूरपश्चिम नेपालको बैतडी जिल्लामा भएको हो|0546
wavs_converted/nep_3614_9607653710|दुई हजार तेह्रको अन्तरिक्षउडान|3614
wavs_converted/nep_2099_7784524578|कालो ओत नेपालमा पाइने एक प्रकारको जनावर|2099
wavs_converted/nep_3960_4773568404|तानसेन तम्घास सडक एउटा पहाडी क्षेत्रमा निर्मित सडक हो|3960
wavs_converted/nep_3614_7909671087|सन् उन्नाइस सय सतासीमा दक्षिण कोरियाली विमानलाई खसाल्नको लागि उहाँले निर्देशन दिएको विश्वास गरिन्छ|3614
wavs_converted/nep_9407_5122519134|केरल राज्यको स्थापनापछि राज्यमा तेह्र पटक चुनाव भयो|9407
wavs_converted/nep_3614_1220382660|कालीझार नेपालमा पाइने एक किसिमको झार हो|3614
wavs_converted/nep_3960_4011634046|एक वर्षपछि लाजिम्पाटमा खोलिएको साइगन फोले राम्रो व्यापार गरेको उनी बताउँछन्|3960
wavs_converted/nep_0546_3193418396|पुमोरी पर्वत सगरमाथा देखि आठ किलोमिटर पश्चिममा आवस्थित छ|0546
wavs_converted/nep_3614_9658387634|भारतको पश्चिम बङ्गाल राज्यमा रहेको सहर|3614
wavs_converted/nep_2099_3210893690|पचरौता बारा जिल्लामा अवस्थित गाउँ विकास समिति|2099
wavs_converted/nep_0283_7151562621|क्रसओभर नेपालले आफ्नो साधारण सभा गत महिनाको पन्ध्र गते सम्पन्न गरेको छ|0283
wavs_converted/nep_3614_5484355485|हाइटेक सोलुसन्स र सर्भिसेजले कम्प्युटर सम्बन्धी धेरै समाधानहरू प्रदान गरेको छ|3614
wavs_converted/nep_0546_1091421919|देवराज भट्टको जन्म सुदूरपश्चिम नेपालको डोटी जिल्लामा भएको हो|0546
wavs_converted/nep_3614_8178153286|पञ्चकन्या शहीदस्मृति पार्क धनकुटा जिल्लामा अवस्थित एउटा स्मृति पार्क|3614
wavs_converted/nep_0283_3326495973|करिब तीस हजार मानिसहरू मारिए पचास हजार व्यक्ति गिरफ्तार भए हजारौँले कालापानीको सजाय पाए|0283
wavs_converted/nep_0546_5517187052|युटिसीको दस तीसको समय अफसेट सुचक|0546
wavs_converted/nep_7957_1107857989|तातो ठुलो ताराको प्रकार|7957
wavs_converted/nep_3614_1310749051|रकेटको बहु चरणीय भाग|3614
wavs_converted/nep_3614_6835888197|नोभा स्कोटिया क्यानडाको राजधानी|3614
wavs_converted/nep_2099_7453237360|यो जात्राको समापन स्थानीय बाल्मो गुठीका गुठियारहरूले परम्परागत नाच देखाउँछन्|2099
wavs_converted/nep_0546_8473061866|केरलका साहित्य भन्नाले सामान्यतः मलयालम साहित्य भन्ने बुझिन्छ|0546
wavs_converted/nep_6834_2611595302|लिथुआनिया लाटभिया र एस्टोनियामा भएका विभिन्न युद्धहरूमा धेरैको मृत्यु भयो|6834
wavs_converted/nep_3614_4053914263|स्लोभाकियाको कुटिकमा रहेको रेलवे स्टेसन|3614
wavs_converted/nep_3960_9372478390|देशी वक्ताको सङ्ख्याद्वारा भाषाको सूची|3960
wavs_converted/nep_3614_2614370260|संयुक्त राज्य अमेरिकाको टेक्सास लोकप्रिय सङ्गीतको एक शैली|3614
wavs_converted/nep_0546_8791936845|उन्नाइस सय त्रियानब्बेमा कोलम्बियाली फुटबल व्यावसायिकको पहिलो श्रेणी|0546
wavs_converted/nep_0883_8469107559|क्यानाडामा वार्षिक रूपमा धेरैमात्रामा काठ तथा वन्यजन्य उत्पादनहरू निर्यात गरिन्छन्|0883
wavs_converted/nep_2099_8994880722|परालको कारण पाल्तु जनावरको अभावले कुपोषण सर्वाधिक समस्या मानिसहरूको रोग निरोधक क्षमतामा कमी आयो|2099
wavs_converted/nep_3614_1973993918|यसलाई दक्षिणको गङ्गा पनि भनिन्छ|3614
wavs_converted/nep_2099_8366380846|आजा पनि टारकेरावारीको रातमाटे जङ्गलमा किराँतहरूको चिहान यद्दावधि पाइने दाबी स्थानीय श्रोतव्यक्ति दीर्धराज पौडेलको छ|2099
wavs_converted/nep_0546_6748563935|देवराज जोशी त्रिभुवन विश्वविद्यालयबाट शिक्षाशास्त्रमा स्नातक हुनुहुन्छ|0546
wavs_converted/nep_6834_4909857947|सन् दुई हजारको ग्रीष्मकालीन ओलम्पिकमा पलाउ|6834
wavs_converted/nep_9407_1387465127|सजाइएको खटलाई प्याङका घरआँगनसम्म पुर्‍याइन्छ|9407
wavs_converted/nep_6834_4749249410|नेप्च्युन ग्रहको चौध थाहभएका चन्द्रमाहरू|6834
wavs_converted/nep_7957_3423244460|कुनै वेबसाइटसँग सम्बन्धित प्रतिमा|7957
wavs_converted/nep_6587_8109134632|इनर्जी ट्रान्सफर इक्विटी एल पी ले ऊर्जा क्षेत्रमा उल्लेखनीय कार्य गरेको छ|6587
wavs_converted/nep_3614_2780007068|यो व्यवस्था रातो बङ्गला स्कुलमा लागु हुन्छ कि हुँदैन|3614
wavs_converted/nep_0546_2901086638|कालीबंगाबाट प्राप्त हल अंकित रेखाहरू प्राप्त भएका हुन् यो सिद्ध गर्दछ यहाँका मानव कृषक थिए|0546
wavs_converted/nep_0546_2785060463|कोमल निरौला पुराना गायक हुन्|0546
wavs_converted/nep_6834_9092559990|सूर्य बहादुर बलायर सहनशील तथा गहन गायक तथा कलाकार थिए|6834
wavs_converted/nep_0546_0685084826|बर्दिया राष्ट्रिय निकुन्ज पूर्वमा चेपाङ नदी पश्चिममा कर्णाली नदी उत्तरमा बबई नदी र दक्षिणमा पूर्व पश्चिममा महेन्द्र राजमार्गसँग जोडिएको छ|0546
wavs_converted/nep_3614_5297859826|इटालियन स्प्रिन्टर र राजनीतिज्ञ|3614
wavs_converted/nep_5687_4095594050|पोखराको फेवा ताल आसपासको क्षेत्रमा यो वनस्पति प्रशस्त मात्रामा पाइन्छ|5687
wavs_converted/nep_0546_8745630097|उत्तेस भोजनालयले यो बाटे हुँदै घुम्न आउने पर्यटकहरूलाई छिटो र मिठो खाना प्रदान गर्दै आएको छ|0546
wavs_converted/nep_7957_7043499849|दुई हजार दसको अमेरिकी कम्प्युटरले एनिमेटे गरेको तीन आयाम कमेडी फिल्म|7957
wavs_converted/nep_9407_3978206055|जयसवालले अट्ठाइस जनाले सात सय वर्ष भनी उल्लेख गरेका छन्|9407
wavs_converted/nep_3960_3857666255|अमेरिकी व्यापार प्रभावशाली र सेवक|3960
wavs_converted/nep_2099_3837561282|टर्की आधिकारीक नाम गणतन्त्र टर्की पश्चिम एसियामा अवस्थित एउटा युरेसियन राष्ट्र हो|2099
wavs_converted/nep_2099_7146853781|ट्रेग भीले दुई फेब्रुअरी उन्नाइस सय छयालिस देखि दस नोभेम्बर उन्नाइस सय बाउन्न सम्म संयुक्त राष्ट्र सङ्घका महासचिव थिए|2099
wavs_converted/nep_0546_2306998866|मध्यमपश्चिमाञ्चल क्षेत्रीय अस्पताल मध्यमपश्चिमाञ्चलको सुर्खेतमा अवस्थित छ|0546
wavs_converted/nep_6329_3391302567|पारानाको ब्राजिली राज्यमा रहेको राजधानी|6329
wavs_converted/nep_3960_3456749893|मेक्सिकन लेखक र राजनीतिज्ञ|3960
wavs_converted/nep_0546_7951389195|निर्माण समयावधिका आधारमा कुनै पुराना छन् कुनै नयाँ कठोर सिमेन्ट ढुङाको जमोट अवस्थामा छन्|0546
wavs_converted/nep_0546_5362686516|वर्डवाइड वेबमा सामग्रीहरूको प्रस्तुति र संरचनाको लागि प्रयोग गरिने मार्क अप भाषा|0546
wavs_converted/nep_0546_7016402255|गैँडाकोत र गैँडाकोट दुईवटा नामहरू उस्तै भएपनि पहिलो गुल्मी जिल्लामा पर्दछ र दोस्रो नवलपरासी जिल्लामा पर्दछ|0546
wavs_converted/nep_3960_5515490709|फ्लेमिस वा फ्रान्सेली ट्रउभर|3960
wavs_converted/nep_0546_8764721307|किराँतभित्र पनि कोयु कोयाङ कोइँच कोच कुकी कुलुङ किरावा आदि जातिहरू हुन्छ|0546
wavs_converted/nep_3614_7457468758|कालीगण्डकी नदी नेपालको दोस्रो ठुलो संसारको सबैभन्दा गहिरो गल्छी नदी हो|3614
wavs_converted/nep_3614_7222331929|जर्मनीको उत्तर राइनवेस्टफेलियाको जिल्लामा रहेको नगर|3614
wavs_converted/nep_3960_5925801907|बैङ्क अफ एसिया नेपाल लिमिटेडले नेपालको ग्रामीण विकासमा ठुलो लगानी गर्ने भएको छ|3960
wavs_converted/nep_9407_8609403285|उत्तराधिकारी उनबारेमा त्यति जानकारी बाहिर आएको छैन|9407
wavs_converted/nep_6587_0000343484|सिग्ना कर्पोरेसनका कामदारहरू निकै खुसी देखिन्छन्|6587
wavs_converted/nep_6834_3147741410|सन् सत्र सय छयहत्तरमा स्विडेनका राजा गुस्ताव तृतीयको आफ्नो देशका लागि स्वान रिभर उपनिवेश बनाउने आकाङ्क्षा|6834
wavs_converted/nep_2099_0135911099|प्लेग लसीका ग्रन्थी महामारीका प्रमुख प्रकोप फैलिएका थिए|2099
wavs_converted/nep_0546_3318714782|यहाँको स्‍थानीय रक्सी बाजरामा बन्दछ बाँसका भाँडामा पस्किइन्छ|0546
wavs_converted/nep_6329_1647655370|नन्दिता केसी नेपाली चलचित्र क्षेत्रको चर्चित अभिनेत्री हुन्|6329
wavs_converted/nep_0546_5697832733|क्यानाडेली बिहानी टेलिभिजन कार्यक्रम|0546
wavs_converted/nep_0546_4792017606|यो तेह्रौँ सताब्दी मा सत्ताइसौँ वर्ष|0546
wavs_converted/nep_9407_9206137835|त्यसपछि पानीमा उसिनिन्छ|9407
wavs_converted/nep_7957_2946235127|मार्क मिल्लरद्वारा लिखित हास्य पुस्तक सीमित श्रृंखला|7957
wavs_converted/nep_3960_3925988690|क्युबा को भिल्ला क्लारा प्रान्तमा रहेको सहर|3960
wavs_converted/nep_0883_4875482575|दुई हजार आठ अगस्टमा एक जापानी प्रकाशनले किम दुई हजार तीनमै मारिसकेको दाबी गर्‍यो|0883
wavs_converted/nep_2099_0650526524|विश्वमा प्रचलित धेरै नैतिक कथाहरूको आधार पञ्चतन्त्रका कथाहरू मानिएका छन्|2099
wavs_converted/nep_6834_8313324263|भेनिस फिल्म फेस्टिभलमा उनको नाम द स्टोरी अफ क्यु जुमा क्यु जुको मूल पात्रको अभिनयको सर्वोत्तम अभिनेत्रीका लागि मनोनयन भयो|6834
wavs_converted/nep_6834_1383541352|पुजा गुरुङ नेपाली चलचित्र क्षेत्रकी एक चर्चित मोडल तथा अभिनेत्री हुन्|6834
wavs_converted/nep_5687_5221520278|मङ्गल उच्च माध्यमिक विद्यालयले विगतको भन्दा निकै राम्रो प्रगति गरेको छ|5687
wavs_converted/nep_0546_6852778943|भुवन दहालको जन्म सुदूरपश्चिम नेपालको डोटी जिल्लामा भएको हो|0546
wavs_converted/nep_0283_5380400568|ज्ञानकुन्ज उच्च माध्यमिक विद्यालय र कलेजमा धेरै विद्यार्थीको भिड लाग्नाले आफ्नो क्षमता बढाउनु पर्ने भएको छ|0283
wavs_converted/nep_6329_6359073440|रेलवे स्टेसन लियोन फ्रान्स|6329
wavs_converted/nep_0546_1036808728|सन् उन्नाइस सय अठहत्तरमा किमले ओक उनकी पत्नी चोइहीलाई अपहरण गर्ने आदेश दिनु भएको|0546
wavs_converted/nep_0546_0371825078|भोज राज भट्टको जन्म सुदूरपश्चिम नेपालको डडेलधुरा जिल्लामा भएको हो|0546
wavs_converted/nep_6329_2602467992|भारतको रेलवेहरू युनेस्को विश्व सम्पदाको सूचि हो|6329
wavs_converted/nep_0546_2783338810|विकिमिडिया बहुविकल्पी पृष्ठ|0546
wavs_converted/nep_0546_8514789003|मेलम्ची खानेपानी आयोजनाको मुहानसँगै जोडिएको यस गाविस भौगोलिक रूपमा केही भिरालो डाँडाकाँडाले घेरिएको छ|0546
wavs_converted/nep_3960_3671840928|उन्नाइस सय चौरानब्बेमा कोलम्बियाली फुटबल व्यावसायिकको पहिलो श्रेणी|3960
wavs_converted/nep_6834_8455496039|टिआइएएसिआरइएफ एउटा राम्रो कम्पनी हो|6834
wavs_converted/nep_7957_4183289036|निष्क्रिय दुईटर्मिनल विद्युत घटक जसको चुम्बकीय क्षेत्रमा ऊर्जा सङ्ग्रह गर्दछ|7957
wavs_converted/nep_0546_7092737345|अमेरिकी व्यावसायिक बास्केटबल खेलाडी|0546
wavs_converted/nep_6329_7894055004|उन्नाइस सय सतासीमा कोलम्बियाली फुटबल व्यावसायिकको पहिलो श्रेणी|6329
wavs_converted/nep_3960_1505718167|अमेरिकी आवाज अभिनेता हास्य अभिनेता लेखक स्टोरीबोर्ड कलाकार एनिम बनाउने र निर्देशक|3960
wavs_converted/nep_0546_7837584211|चेक भलिबल खेलाडी|0546
wavs_converted/nep_9407_2263580908|यसलाई अङ्ग्रेजीमा हिल प्रिनिया भनिन्छ|9407
wavs_converted/nep_6587_4052905378|कोनोकोफिलिप्सले आफूले प्राप्त गर्ने सेयरमा बजारको पचास प्रतिशत ओगटेको छ|6587
wavs_converted/nep_5687_3296740400|त्रि वि शिक्षण अस्पतालबाट उत्पादन भएका जनशक्तिलाई देशभरि परिचालन गर्नुपर्नेमा यसो नभइ सबै सहरी क्षेत्रमै केन्द्रित भएका छन्|5687
wavs_converted/nep_0546_9860405955|शोक सुनार नेपाली गायन क्षेत्रमा ठुलो योगदान गरेका छन्|0546
wavs_converted/nep_0546_2580741211|पनौती जात्रामा भैरव भद्रकाली जात्रा हुन्छ|0546
wavs_converted/nep_2139_1602876041|धरान निकै रमणीय तथा विशाल सहर हो|2139
wavs_converted/nep_0546_2264069418|जर्मनीको कोलोनको सहर क्वाटर नम्बर पाँच सय सात|0546
wavs_converted/nep_0546_4654161400|फ्रान्सेली विभाग रोनमा रहेको नदी|0546
wavs_converted/nep_0546_4418224893|भुटानी शैलीमा बनेको एक धेरै सुन्दर मठ नेचर इन्टरप्रेटेसन सेन्टर केन्द्र छ|0546
wavs_converted/nep_6587_1496225299|नेसनल एसोसिएसन अफ होम बिल्डर्स एनएएचबी र वेल्स फार्गो हाउजिङमार्केन्ट|6587
wavs_converted/nep_9407_1014345868|यस जिल्लालाई कालीकोट पनि भनिन्थ्यो|9407
wavs_converted/nep_3960_3736501700|डिजिटल म्याक्स सलुसन्सले आफू आजको बजारमा प्रतिस्पर्धा गर्न तयार रहेको कुरा पत्रकार सम्मेलन मार्फत जनाएको छ|3960
wavs_converted/nep_9407_0158792615|तपाईँ यस खेलको पुरा आनन्‍द लिन चाहनुहुन्छ पुरा एक दिन दिनु पर्छ|9407
wavs_converted/nep_0546_4928555822|नेपाल इन्डस्ट्रियल एण्ड कमर्सियल बैङ्क लिमिटेडले नेपालको व्यावसायिक विकासमा ठुलो भूमिका खेलेको छ|0546
wavs_converted/nep_5687_6751360016|कञ्चनजङ्घा हिमाल नजिकबाट उत्पत्ति भएको तामोर नदी देशकै प्रथमस्तर नदीको रूपमा पर्न आँउछ|5687
wavs_converted/nep_3614_3857488810|नयाँ आविष्कारका क्षेत्रमा योङ इनोभेसन्सले पुर्‍याएको योगदानको सम्मान गर्न सक्नुपर्छ|3614
wavs_converted/nep_3614_5012169722|यो क्षेत्र खासगरी पोखरा उपत्यकामा अवस्थित छ|3614
wavs_converted/nep_0546_6724371003|यसरी चढाइने चिजबिजहरू मौसम अनुसार मकै काँक्रा आरुबखडा अम्बा नासपाती सुन्तला मेवा केरा लौका आदि हुन्छन्|0546
wavs_converted/nep_3614_8556776633|प्रारम्भिक स्पेक्ट्रल प्रकारको तारा|3614
wavs_converted/nep_3997_0495659858|ब्रोड शिखर वा के तीन पाकिस्तान र चीनको सिमानामा अवस्थित विश्वको बाह्रौँ अग्लो हिमाल हो|3997
wavs_converted/nep_0546_4868265038|हामी सधैँ आदर्श किराना पसलमा सामान किन्ने गर्दछौँ|0546
wavs_converted/nep_2099_4941967874|उहाँकै प्रयासमा उत्तर कोरियाको फिल्म कम्पनीले उत्तर कोरियाको इतिहासबारे एकसय भागको धारावाहिक श्रृंखला बनाएको|2099
wavs_converted/nep_3614_9155100703|टाइप सेटिङ् प्रणाली|3614
wavs_converted/nep_0546_9183385297|किरण केसी सबैले चिनेका हास्यकलाकार हुनुहुन्छ|0546
wavs_converted/nep_0283_7088220977|कुमारी बैङ्क लिमिटेडले नायब प्रमुख कार्मचारी अधिकृतमा राजिव गिरीलाई नियुक्त गरेको छ|0283
wavs_converted/nep_0546_2800364285|उनकी आमा इलकी सबैभन्दा मनपर्ने श्रीमती भएको बताइएको छ|0546
wavs_converted/nep_3997_4658258657|सानिमा बैङ्क लिमिटेड एउटा वित्तीय संस्था हो जसले छोटो समयमा धेरै प्रगति गरेको छ|3997
wavs_converted/nep_3960_0989899860|अमेरिकी व्यावसायिक पोकर खेलाडी|3960
wavs_converted/nep_5687_2569395956|जापानिज किचन कुजुनामा जापानी परिकारहरू स्वाद लिन धेरै ठाउँ बाट मानिसहरू आउने गर्दछन्|5687
wavs_converted/nep_3614_1109867901|बुधवार सुरु हुने अधिक वर्ष|3614
wavs_converted/nep_2099_2480341314|मध्यकालीन यहुदीसमुदायमाथि धेरै आक्रमण भए|2099
wavs_converted/nep_2099_4519299999|मेरो पीडित भाषाहरू कुनै ठाउँमा खस्रो रुष्ट गाली सुनिनेछन् कुनै ठाउँमा विरोध कुनै ठाउँमा पलायन|2099
wavs_converted/nep_0546_0360261388|ट्र्याक र फिल्ड दौड खेलाडी|0546
wavs_converted/nep_6329_9037997460|टर्कीको इस्ताम्बुलमा रहेको पुल|6329
wavs_converted/nep_0546_3432370397|निर्धारण गर्ने जसले सम्पत्तिको गुणद्वारा सङ्ख्या परिमार्जन गर्छन्|0546
wavs_converted/nep_7957_0177954418|नैतिकतावादी र ब्यङ्यात्मक कवि|7957
wavs_converted/nep_6834_3935169881|गैया रेस्टुरेन्ट र कफी सपले त्यस क्षेत्रका प्रचलित कफहरूको स्वाद आफ्ना ग्राहकहरूलाई प्रदान गर्दछ|6834
wavs_converted/nep_6834_2837931470|निर्मला पालीको जन्म सुदूरपश्चिम नेपालको डोटी जिल्लामा भएको हो|6834
wavs_converted/nep_2099_4436163003|वस्‍तुहरूको खरिदका लागि कालिङ्पोङ आर्ट राम्रो छ|2099
wavs_converted/nep_6834_7680945837|यसको आधार सिङ्गापुर स्थित बेलायती नौसैनिक अड्डा र रोयल नेभी हो|6834
wavs_converted/nep_9407_1238310521|यो क्षेत्र अत्यन्त कमजोर भूबनोटअन्तर्गत पर्दछ|9407
wavs_converted/nep_3614_7386600388|सोही दिन आफ्ना नातागोतालाई घरमा डाक्ने र खुवाउने परम्परा रहेको छ|3614
wavs_converted/nep_5687_0348705099|नवनिर्मित विपी राजमार्गबाट जाने हो भने दुई किलोमिटरभन्दा कम यात्रामा नै यो जिल्ला पुग्न सकिन्छ|5687
wavs_converted/nep_3960_2696344235|अमेरिकी लेखक निर्देशक र निर्माता|3960
wavs_converted/nep_0546_6924932351|प्रवीण गुरुङले गाएको यो दाजुको मिरमिरे आँखा लगायतका गीतहरू निकै चर्चित छन्|0546
wavs_converted/nep_2099_5218658859|कालो चुलेत्रो पहाडी भूभागमा पाइने बुट्यान वर्गमा पर्ने वनस्पति हो|2099
wavs_converted/nep_6834_9351558392|बिबिसी विज्ञानकल्पना हास्य ब्यङ्य नाटक टेलिभिजन कार्यक्रम|6834
wavs_converted/nep_2099_5556441385|उच्च माध्यमिक तहसम्म अध्ययन गरेका अट्तीस वर्षीय किरण गुरुङ समाजसेवामा विशेष रुचि राख्‍नुहुन्छ|2099
wavs_converted/nep_3614_9790791156|बाह्र बजेको घाम छालाका लागि हानिकारक हुन्छ|3614
wavs_converted/nep_6834_7575295537|मउन्नाइस सय उनान्सत्तरीमा बेइजिङ गएका बोसले चिनियाँ कम्युनिष्ट पार्टीबाट नौ बुँदे सुझाव नक्सलवादी आन्दोलनको इतिहासमा उल्लेखनीय छ|6834
wavs_converted/nep_6329_3179418267|रुसको गणतन्त्र रुसको सङ्घीय विषय|6329
wavs_converted/nep_0546_4411250717|पूर्वी संयुक्त राज्यमा रहेको नदी|0546
wavs_converted/nep_2099_8053716497|जब अप्रिल उन्नाइस सय उनान्चालिसमा इटलीले अल्बानियामा विजय प्राप्त गर्‍यो यही आश्वस रोमानिया र ग्रीसको पनि प्रदान गरियो|2099
wavs_converted/nep_3614_3940089977|उनले निकै कम विदेश यात्रा गरे जति गरे ट्रेनमा|3614
wavs_converted/nep_0546_7014054383|इन्डोनेसियाको जाभामा रहेको राष्ट्रिय निकुञ्ज|0546
wavs_converted/nep_2099_4707771331|हजुरबुबा बाबुका साथ उनको तस्बिर अहिले जनतालाई वितरण गर्ने तयारी अवस्था राखिएको पनि बताइएको छ|2099
wavs_converted/nep_2099_7319541827|आयरल्यान्डको डब्लिन स्थित रोयल कलेज अफ सर्जनसबाट मान्यार्थ अध्येता प्राप्त गरे|2099
wavs_converted/nep_3960_3118224008|जर्मनीको राइनल्यान्डमा रहेको ठाउँ|3960
wavs_converted/nep_3960_9177554535|बजारमा उपलब्ध सूचना प्रविधि र आइटी हिमालय मिलेर सूचना प्रविधि क्षेत्रमा धेरै कार्यहरू भएका छन्|3960
wavs_converted/nep_7957_8568488459|जर्मनीको स्कोनबेकको जिल्लामा रहेको ठाँउ|7957
wavs_converted/nep_3960_9623100236|स्थानीय जनताले जिल्ला आयुर्वेद स्वास्थ्य केन्द्रबाट राम्रो सेवा पाइरहेका छन्|3960
wavs_converted/nep_0546_3857176321|पञ्चकन्या शब्दले विभिन्न अर्थ दिन सक्छ|0546
wavs_converted/nep_0546_3543318757|चन्द्रसिं साउदको जन्म सुदूरपश्चिम नेपालको डोटी जिल्लामा भएको हो|0546
wavs_converted/nep_3960_4996242384|महाभारत कालीन एउटा कथा अनुसार विराट नामका राजा विराटनगरमा राज्य गर्दथे र किच्चक नामको सेनापति थियो|3960
wavs_converted/nep_6587_1762361006|फ्यान्नीमायका उत्पादनहरू बजारमा सजिलै बिक्री वितरण भएका छन्|6587
wavs_converted/nep_2139_5037790790|जिल्ला आयुर्वेद स्वास्थ्यकेन्द्र भक्तपुरले अबदेखि सबै खाल्का सेवाहरू प्रदान गर्ने निर्णय गरेको छ|2139
wavs_converted/nep_0546_5625463325|झलकमान गन्धर्व नेपाली लोकगायक हुन्|0546
wavs_converted/nep_3960_8652745586|इन्डोनेसियाको द्विप र प्रान्त|3960
wavs_converted/nep_6329_5513379453|अमेरिकी अपराध नाटक टेलिभिजन श्रृंखला|6329
wavs_converted/nep_6587_7110106775|युनाइटेडहेल्थ ग्रुपले स्वास्थ सेवामा ठुलो योगदान दिएको छ|6587
wavs_converted/nep_2099_5760175818|पुस्तकका लेखक फुजीमोटोले आफ्नो पुस्तकमा किम बाबुका प्रिय भएको बताएका|2099
wavs_converted/nep_2099_2788612143|उन्नाइसौँ शताब्दीको उक्त महामारीको कारक रोगजनकको अध्ययन एक वैज्ञानिकहरूको टोलीले सुरु गरेको थियो|2099
wavs_converted/nep_9407_6625520421|कालीमाटी काठमाडौँ महानगरपालिकामा रहेको स्थान हो|9407
wavs_converted/nep_6587_8370936549|फिलिप्स छैँसट्ठी ले अन्य कम्पनीसँग गरेको सम्झौता तोड्न खोजेको आरोप लगाइएको छ|6587
wavs_converted/nep_6587_0149238036|लकहिडमार्टिन कर्परेसनको वार्षिक प्रतिवेदन र यसको वार्षिक सम्मेलन सँगै भयो|6587
wavs_converted/nep_7957_0250324643|उत्सव मौसम जुन तुरुन्तै लेन्ट अघि आउँछ|7957
wavs_converted/nep_6329_6982404324|स्पेनी चित्रकार र मुद्रण बनाउने व्यक्ति एक करोड चौरहत्तर लाख एकसट्ठी हजार आठ सय अट्ठाइस|6329
wavs_converted/nep_0546_4668652322|फिर्ता चलिरहेको पूर्व अमेरिकी फुटबल|0546
wavs_converted/nep_6834_9155833217|अबखाज मानिसहरूद्वारा ज्यादै बोलेको उत्तर पश्चिम कोकेसियान भाषा|6834
wavs_converted/nep_6329_4564414340|सानो र अपेक्षाकृत सुन्दर ताराको प्रकार|6329
wavs_converted/nep_0883_8460335842|एसियाकै ठूलो निजी पुस्तकालय केशर पुस्तकालय करिब छत्तीस हजार जति पुस्तकहरू राखिएका थिए|0883
wavs_converted/nep_0546_0744543522|क्याड नेपाल आजको दिनमा अन्य कम्पनीहरूभन्दा धेरै अगाडि छ|0546
wavs_converted/nep_6834_9113225488|पोलिस जर्मन फुटबल खेलाडी|6834
wavs_converted/nep_0546_3076577201|ती दुई नेताले कियभमा तयार पारिएको एक शान्ति प्रस्तावलाई मस्को लैजाँदैछन् तर त्यसको विवरणहरु भने सार्वजनिक गरिएको छैन|0546
wavs_converted/nep_0546_5230584092|रमेश बलायर सुदूरपश्चिमका लोकप्रिय गायक हुन्|0546
wavs_converted/nep_6834_3763135255|पुजा चन्द नेपाली चलचित्र क्षेत्रकी एक चर्चित अभिनेत्री हुन्|6834
wavs_converted/nep_6834_2903890055|कोलम्बियाली फुटबल प्रतियोगिता|6834
wavs_converted/nep_2139_3764639931|नेपालका क्षेत्रीय अस्पतालहरू देशका पाँचैवटा विकास क्षेत्रमा रहेका छन्|2139
wavs_converted/nep_3614_3309946726|कोसीटप्पु वन्यजन्तु आरक्षण चितवन राष्ट्रिय निकुञ्ज बीसहजारी ताल|3614
wavs_converted/nep_0546_5623578564|क्यानडाको ओन्टारियोको डरहम क्षेत्रमा भएको नगरपालिका|0546
wavs_converted/nep_0546_9732483157|हावा साँस भूमि चिप्लेकीराको विलुप्त प्रजाति|0546
wavs_converted/nep_6834_6392881485|यद्यपि चलचित्रका केन्द्रीय पात्र भने तीन जना नायकमध्ये रमित ढुंगाना एक हुन्|6834
wavs_converted/nep_0649_8842855723|वासिङ्टन डिसी संयुक्त राज्य अमेरिकाको राजधानी सहर हो|0649
wavs_converted/nep_6329_9453136258|फ्रान्सेली क्रमिक विवरण दिने व्यक्ति|6329
wavs_converted/nep_3960_3980936255|केही चालिस देखि पचास सशस्त्र चेचेन्सद्वारा तेइस अक्टोबर दुई हजार दुईमा खचाखच भरिएको डब्रोब्का थिएटरको जफती|3960
wavs_converted/nep_3960_2349381180|चिनियाँ टेबल टेनिस खेलाडी|3960
wavs_converted/nep_3614_4545767820|स्पेनी अतियथार्थवादी चित्रकार|3614
wavs_converted/nep_0546_8153093399|सापकोटाकी श्रीमती तारादेवी पनि माओवादीको क्षेत्रीय सदस्य हुन्|0546
wavs_converted/nep_0546_0973996646|मायादेवी गर्भिणी अवस्थामा माइत अर्थात् रामग्राम जान लाग्दा ईसापूर्व छ सय तेहिसमा लुम्बिनीमा सिद्धार्थ गौतमको जन्म भएको थियो|0546
wavs_converted/nep_3960_6414805530|हास्य ब्यङ्ग्य पक्राउ विकासको पहिलो प्रकरण|3960
wavs_converted/nep_2027_1968598216|घाम लागेपछि तिन दिनदेखि अवरुद्ध बेनी मुस्ताङ सडक सिधा यातायात सञ्चालनमा आएको छ|2027
wavs_converted/nep_3614_0736973884|कालीनाग बहुमुखी क्याम्पस दोलखा जिल्लाको सुनखानीमा अवस्थित एउटा कलेज हो|3614
wavs_converted/nep_0546_9673141857|अर्जेन्टिनाका रेसिङ कार चालक पाँच पटक फर्मुला वन च्याम्पियन|0546
wavs_converted/nep_2099_6220214087|पछ्वारी पूर्वाञ्चल विकाश क्षेत्र सगरमाथा अञ्चलको सिराहा जिल्लामा अवस्थित गाँउ विकास समिति|2099
wavs_converted/nep_6834_6231233885|मोरक्को बरकेनमा रहेको समुद्र तट|6834
wavs_converted/nep_0546_1329853697|प्रेमराज खत्रीको जन्म सुदूरपश्चिम नेपालको बैतडी जिल्लामा भएको हो|0546
wavs_converted/nep_6834_3924497885|टोकियोमा एघारवटा नगर छन् यसका अतिरिक्त टोकियोको लन्डन संयुक्त अधिराज्यसँग एक भागिदारी समझौता पनि छ|6834
wavs_converted/nep_9407_7973941193|त्यसपछि सात वर्षे अनिकालको सुरुवात भयो|9407
wavs_converted/nep_6834_4455093713|दक्षिण रुसमा रहेको नगर|6834
wavs_converted/nep_0546_5881846858|कालोगर्दने सुनचरी नेपालमा पाइने एक प्रकारको चराको नाम हो|0546
wavs_converted/nep_3614_4961954363|खेल जसमा फालिएको बल हान्ने र वरिपरि अग्रिम आधारहरूद्वारा रनहरू प्राप्त गर्न पूर्ण टोली हुन्छन्|3614
wavs_converted/nep_2099_5234496621|कालोलाई कुरूपको अर्थमा लिनुहुन्छ अस्वीकृत मान्यता कुरूपतालाई स्थापना गर्न खोजिरहेको पाउनुहुनेछ|2099
wavs_converted/nep_6587_7125428937|निजी क्षेत्रको एउटा नाम डिरे एन्ड कम्पनी हो|6587
wavs_converted/nep_2099_9278673147|किटु दैलेख जिल्लाको पिपलकोट गाउँ विकास समितिको वडा नम्बर पाँच अन्तरगत पर्ने गाउँ|2099
wavs_converted/nep_0546_0664459816|बुद्धिकृष्ण लामिछाने नेपालका लोकगीत सङ्कलक तथा गायक हुन्|0546
wavs_converted/nep_5687_0486034248|अजाइल सलुसन्सले गरेको समाज सेवा सबैका लागि दृष्टान्त भएको छ|5687
wavs_converted/nep_6834_5798576935|अमृता बस्नेत नेपाली चलचित्र क्षेत्रको एक चर्चित अभिनेत्री हुन्|6834
wavs_converted/nep_2099_6283825030|यस टावरभित्र टोकियो टावर मोम सङ्ग्रहालय रहस्यमय पैदल क्षेत्र र हस्तलाघव कलाघर पनि छ|2099
wavs_converted/nep_2099_2148816873|यस गाविसको प्रत्येक वडामा घ्याङ बौद्ध धर्मावलम्बीहरूको पूजा ध्यान गर्ने स्थान छ|2099
wavs_converted/nep_0546_3232354843|रातो हाइपरजेन्ट तारा|0546
wavs_converted/nep_2139_1361457669|रजिना कस्मेटिक एण्ड टेलरिङ्गमा जानुहोस् र मनपर्ने कुराहरू लिनुहोस्|2139
wavs_converted/nep_3960_5917581759|रुसी इन्टरनेट कम्पनी|3960
wavs_converted/nep_0283_5158477137|कबाबका पारखीहरूले घर ए कबाबमा जानु सबैभन्दा राम्रो हुन्छ|0283
wavs_converted/nep_3614_2140430566|दिपाङ ताल कास्की जिल्लाको लेखनाथ नगरपालिकामा अवस्थित ताल हो|3614
wavs_converted/nep_0546_9426840016|भोजराज ओलीको जन्म सुदूरपश्चिम नेपालको डडेलधुरा जिल्लामा भएको हो|0546
wavs_converted/nep_7957_4586775162|ज्यादातर बना तारा सम्बन्धमा शेषको एक प्रकार|7957
wavs_converted/nep_0546_3988642046|हुउँदमा बसाई सरी आउने पर्यटक चराहरूले बीसहजारी ताल जगदीशपुर ताल तथा घोडाघोडी ताल लगायतका क्षेत्रमा आफ्ना हिउँदे बास बिसाउँछन्|0546
wavs_converted/nep_2099_7385437345|यसलाई अङ्ग्रेजीमा वुड्पेकर भनिन्छ|2099
wavs_converted/nep_3614_5687959532|ट्रेड युनियनहरूको सङ्ख्या आवश्यकताभन्दा धेरै बढिरहेको छ|3614
wavs_converted/nep_3960_8036214952|सुस्मा कोइराला मोमोरीयल प्लास्टिक सर्जरी अस्पतालमा भनेजस्तो गरी काम नभए पनि यो आफ्नो मार्गमा अघि बढिरहेको छ|3960
wavs_converted/nep_2099_5502275720|सन् अठार सय एकासी देखि लगातार जनसङ्ख्या बढ्न थाल्यो|2099
wavs_converted/nep_6834_8782018734|अमेरिकी अभिनेत्री हास्य कलाकार र गायिका|6834
wavs_converted/nep_6329_9829530534|संयुक्त राज्य अमेरिकाको राज्य|6329
wavs_converted/nep_9407_3266682112|प्राचीनकालमा केरल तमिलकमको भाग सम्झिइन्थ्यो|9407
wavs_converted/nep_6834_0849854974|उनले दुई हजार दसमा जर्जियामा सुरु हुने स्टर्स टुर्नामेन्टमा भाग लिन थाले|6834
wavs_converted/nep_0546_9131901321|क्षेत्रपाटी निःशुल्क अस्पतालबाट सर्वसाधारणलाई निःशुल्क खोप प्रदान गरिँदै आएको कुरा खुल्न आएको छ|0546
wavs_converted/nep_6587_3342601207|भेराइजन कम्युनिकेसनले सञ्चार क्षेत्रमा निकै प्रगति गरेको कुरा प्रगति विवरणमा जनाएको छ|6587
wavs_converted/nep_0546_7370160468|बुढानिलकण्ठमा पुजापाठ गर्ने मानिसहरूको लाम रातीबाटै सुरु हुन्छ|0546
wavs_converted/nep_0546_3493862458|यी क्षेत्रमा सामान्य फिलाइट समूहका चट्टान|0546
wavs_converted/nep_0546_9882317584|न्यु ब्रन्विस्को राजधानी|0546
wavs_converted/nep_3614_0851358183|लिपफ्रग टेक्नोलोजी त्यसताका अमेरिकाका एउटा नयाँ प्रविधिको प्रयोग रूपमा आएको थियो|3614
wavs_converted/nep_6587_8276079438|एचसिए होल्डिङ्स इन्कका कामदारहरू धेरै दिनदेखि धर्नामा बसेका छन्|6587
wavs_converted/nep_3154_9036168307|सुपरभ्यालु इन्क ले आफ्नो प्रगति विवरण प्रस्तुत गर्दा सबै कुराको खुलासा गरेको छ|3154
wavs_converted/nep_0546_7689862348|सिरियाली लेखक र कवि|0546
wavs_converted/nep_6834_4117703500|फिल्म निर्देशक नारायण पुरीका छोरा संयम पुरी यसका प्रतिनिधि पात्र हुन्|6834
wavs_converted/nep_0546_4429317177|चन्द्रकान्त जोशीको जन्म सुदूरपश्चिम नेपालको डडेलधुरा जिल्लामा भएको हो|0546
wavs_converted/nep_0546_0987384824|ट्रुबेडर कविताको संरक्षक|0546
wavs_converted/nep_0546_9188640765|दीर्घ फुलाराको जन्म सुदूरपश्चिम नेपालको डडेलधुरा जिल्लामा भएको हो|0546
wavs_converted/nep_0258_6075003542|गोरखबहादुर थापाको जन्म सुदूरपश्चिम नेपालको बझाङ जिल्लामा भएको हो|0258
wavs_converted/nep_2099_3674649929|रामचरितमलाई मलयालमको प्रारम्भिक काव्य मानिन्छ केरलको साहित्यिक परम्परा त्योभन्दा पनि पुरानो हुनसक्छ|2099
wavs_converted/nep_7957_9501826337|ओइसीको देवता क्यामब्राईको देवता|7957
wavs_converted/nep_2139_6878749197|नेपाल बैङ्क लिमिटेड नाममा यो बैङ्क स्थापना हुन लागेको थियो|2139
wavs_converted/nep_3960_1223729754|क्याम्पियन कलेज ललितपुर जिल्लाको कुमारीपाटीमा अवस्थित एक कलेज हो|3960
wavs_converted/nep_3614_9307597497|अमेरिकी संगीतकार गायक र गीतकार|3614
wavs_converted/nep_3614_8849450592|रोममा रहेको चापको ट्रियमफल आकार|3614
wavs_converted/nep_3960_9002403130|कैलाली र सुर्खेतको सिमानामा पर्ने कुइने घाट नामक स्थानमा आएर यो नदीमा सुर्खेत तिरबाट आएको भेरी नि नदी मिसिन पुग्छ|3960
wavs_converted/nep_0283_0766374282|तिला जुम्ला जिल्लाको पूर्वी भागबाट पश्चिम हुँदै कालिकोट जिल्लामा प्रवेश गरी सेरीगाड नजिकै कर्णालीमा मिसिन्छ|0283
wavs_converted/nep_0546_1990809193|अमेरिकी गायक गीतकार|0546
wavs_converted/nep_6834_3371435677|क्वाला लाम्पुर सहर नयाँ प्रविधि अपनाउने सहरहरूमध्येको एक हो|6834
wavs_converted/nep_6834_4699081723|उत्तम प्रधान नेपाली चलचित्र क्षेत्रको एक चर्चित नायक हुन्|6834
wavs_converted/nep_3997_7701014328|खप्तड ताल नेपालको डोटी जिल्लामा अवस्थित ताल हो|3997
wavs_converted/nep_6329_9120729926|मिश्रको पाँचौँ राष्ट्रपति|6329
wavs_converted/nep_0546_6945085419|यादव कडालको जन्म सुदूरपश्चिम नेपालको डोटी जिल्लामा भएको हो|0546
wavs_converted/nep_3960_3367601833|आजभोलि क्षयरोग अस्पतालमा जाने सर्वसाधरणको सङ्ख्या घटेको कुरा उक्त विवरणमा उल्लेख छ|3960
wavs_converted/nep_0546_7521852173|पञ्चकुवा देउराली गोर्खा जिल्लामा पर्ने गाउँ विकास समिति|0546
wavs_converted/nep_0546_5887506398|इतिहासमा फुटबल सङ्घ सङ्गठनको रेकर्ड|0546
wavs_converted/nep_6834_2094802767|सन् उन्नाइस सय तिहत्तर मा फिलिपिन्सको राजधानी मनिलामा आयोजित ट्रयाक एन्ड फिल्ड प्रतियोगितामा सहभागी हुनुभयो|6834
wavs_converted/nep_3960_4407611136|डच खेल सुटर अठार सय चवन्न देखि उन्नाइस सय सैतीस सम्म|3960
wavs_converted/nep_3614_9311907114|उनको पहिरनको विषयमा खुबै चर्चा भयो|3614
wavs_converted/nep_9407_6191215837|कालीगण्डकी पत्रिका एउटा नेपाली भाषाको पत्रिका हो|9407
wavs_converted/nep_2099_9725188798|किरण क्यारी छेत्री जन्म छब्बीस अगस्ट नेपाली मूलकी अमेरिकी पत्रकार हुन्|2099
wavs_converted/nep_0546_7872130285|रोजमेरी किचन र कफी पसलको वार्षिक आम्दानी सोचेभन्दा निकै बढी भएकाले साझेदारहरूलाई थप सेयर प्रदान गरेको छ|0546
wavs_converted/nep_0546_3594640296|पीडित कलाकार एवम् गायक सुगम पोखरेलले धेरै गीतहरू गाएका छन्|0546
wavs_converted/nep_0546_5637749186|ऐतिहासिक महत्त्व बोकेको यो दरबार भक्तपुर जिल्लाको भक्तपुर दरबार क्षेत्रमा रहेको छ|0546
wavs_converted/nep_6587_4021110732|हामीले मोन्डेलेज इन्टरनेसनल इन्कमा सम्पर्क गर्दा पनि कुनै काम हुन सकेन|6587
wavs_converted/nep_6329_0879024364|इटालेली रेसकार चालक|6329
wavs_converted/nep_9407_2333970111|यो आफूभन्दा सानालाई बोलाउन प्रयोग गरिन्छ|9407
wavs_converted/nep_3614_1510110672|यो रोपवे एक सय बीस फिटको उचाइमा अवस्थित छ|3614
wavs_converted/nep_3614_1261693642|सामान्यतया ग्रामीण क्षेत्रको सानो बसोबासको प्रकार|3614
wavs_converted/nep_3154_9573259872|गुगलको गुगल म्याप्स यस फोनमा पाइँदैन|3154
wavs_converted/nep_2099_0661714172|सो विषयमा उत्तर कोरियाले चासो देखायो|2099
wavs_converted/nep_3960_0997662444|उत्तर रुसमा रहेको सहर|3960
wavs_converted/nep_3997_3549709585|पहिलो चरणमा भद्रपुरदेखि नेपालगञ्जसम्म आठ सय अन्ठानब्बे किलोमिटर अप्टिकल फाइबर बिछ्याइएको नेपाल टेलिकमले जनाएको छ|3997
wavs_converted/nep_0546_5559563135|धार्मिक पर्यटनको विकासमा नमो बुद्ध रेस्टुरेन्टले ठुलो भूमिका खेलेको छ|0546
wavs_converted/nep_2099_6300428933|बर्लिन फिल्म महोत्सवको पचासौँ वाषिर्कोत्सवमा उनलाई जुरीको अध्यक्षता गर्न निमन्त्रण गरियो|2099
wavs_converted/nep_2099_1620891327|कालीनाग बहुमुखी क्याम्पस दोलखा जिल्लाको सुनखानीमा अवस्थित एक कलेज|2099
wavs_converted/nep_2099_9621989525|नदीको किनारमा रहेका जलविद्युत परियोजनाहरू यस प्रकार छन् कालीगण्डकी जलविद्युत परियोजना नेपालको ठुला परियोजनाहरूमध्ये पर्दछ|2099
wavs_converted/nep_0546_4192847763|किउलको पूर्वमा बरुवा गाविस पश्चिममा महाँकाल गाविस उत्तरमा हेलम्बु गाविस दक्षिणमा पाल्चोक गाविस|0546
wavs_converted/nep_0546_3782097543|कपिलवस्तु जिल्लाको उत्तरी क्षेत्रमा महेन्द्र राजमार्ग तथा सन्धिखर्क सडकमा रहेको गोरुसिङे बजार यस क्षेत्रको प्रमुख व्यापारिक केन्द्र हो|0546
wavs_converted/nep_3960_3777542442|व्यक्तिहरूको स्वायत्त संस्था|3960
wavs_converted/nep_6834_0878848819|दुई हजार दस सालमा बालकृष्ण समको नाटक अन्धवेगमा शान्ति मास्केको प्रवेशसँगै नेपाली रङ्गमञ्चमा नेपाली हिरोइनको उदय भयो|6834
wavs_converted/nep_6834_2052162995|निरुता सिंह नेपालको एउटा प्रसिद्ध अभिनेत्री हुन्|6834
wavs_converted/nep_3614_5052203630|किम जोङ इल सन् उन्नाइस सय बयालिसमा उत्तर कोरियाको पेक्दु इलाका जन्मिनु भएको हो|3614
wavs_converted/nep_6329_6219227986|उन्नाइस सय छैसट्ठी कोलम्बियाली फुटबल व्यावसायिकको पहिलो श्रेणी|6329
wavs_converted/nep_0258_6957160770|झंकर साउदको जन्म सुदूरपश्चिम नेपालको अछाम जिल्लामा भएको हो|0258
wavs_converted/nep_3960_2665932010|इटालीको ट्रेभिसोको सहरमा रहेको एेतिहासिक उच्च विद्यालय|3960
wavs_converted/nep_0283_9497646917|कप्तान यज्ञबहादुरलाई दुई हजार एकतिस साल मङ्सिर छब्बिस गतेका दिन कमला नदीको किनारामा लगेर फाँसी दिइयो|0283
wavs_converted/nep_2099_8821503375|उत्तर कोरियाका अधिकारीलाई किम उनलाई उत्तर कोरियाली भावी नेताका रूपमा स्विकार्न खुफिया एजेन्सीले बताएको थियो|2099
wavs_converted/nep_0258_7375603014|जयभक्त जोशीको जन्म सुदूरपश्चिम नेपालको बझाङ जिल्लामा भएको हो|0258
wavs_converted/nep_0546_6699931770|कोलम्बियामा बयालिसौँ फुटबल च्याम्पियनसिप|0546
wavs_converted/nep_0546_5439122478|पर्यटन वाणिज्य शिक्षा स्वास्थ्यसम्बन्धी सुविधाले सम्पन्न पोखरा नेपाल अधिराज्यकै सुन्दर सफा नगरको रूपमा पहिचान राख्दछ|0546
wavs_converted/nep_6834_4212828810|लक्ष्मीले कलकत्ताकै सेन्ट जेभियर्स कलेजबाट सन् उन्नाइस सय उनान्सत्तरीमा कमर्समा स्नातक गरे|6834
wavs_converted/nep_3614_4722528446|महाभारत मनुस्मृतिमा आर्य क्षेत्रीय मानिएको|3614
wavs_converted/nep_0546_1841446999|गोदावरी क्षेत्रमा विभिन्न प्राकृतिक रमणीय क्षेत्रहरू छन्|0546
wavs_converted/nep_0546_2648125610|किराँतभित्र धेरै थरहरू रहेको हुनाले विभिन्न भाषा लिपि संस्कृतिहरू रहेका छन्|0546
wavs_converted/nep_2099_2836882307|किचकवध भन्ने ठाउँ झापाको पृथ्वीनगर गाविसको वडा पाँच स्थित मेची नदी देउनिया खोलाको संगममा छ|2099
wavs_converted/nep_2099_4770237520|उनीहरूले दक्षिणपूर्वी पूर्वी भागबाट हुने आक्रमणको प्रतिरोध गर्नुपर्ने सर्तमा लिम्बुवान गाभिएको थियो|2099
wavs_converted/nep_3960_4111667845|स्लोवेनियाई जैव रसायन विज्ञानी|3960
wavs_converted/nep_3614_0259047358|प्रमुख किराँती राजामा चौँथो राजा स्थुं नाम आउँछ|3614
wavs_converted/nep_0546_4626254053|जर्मनीको सक्सोनीमा रहेको गाउँ|0546
wavs_converted/nep_2099_9770682722|स्पेनले जब फिलिपिन्स कब्जा गर्‍यो तब चीन र पश्चिमा देशहरूका बिच नाटकीय ढङ्गबाट लेनदेन बढ्यो|2099
wavs_converted/nep_2099_4913924179|उनी मानवअधिकारको उल्लङ्घन परमाणु बम लामो दूरीको मिसाइलको परीक्षणका कारण अन्तर्राष्ट्रिय स्तरमा चर्चा|2099
wavs_converted/nep_9407_7175482211|यी समुदायका मानिसहरूलाई युरोपभरि निर्मूल पारियो|9407
wavs_converted/nep_0546_8174329507|कुल बिकको जन्म पनि सुदूरपश्चिम नेपालको अछाम जिल्लामा भएको हो|0546
wavs_converted/nep_6329_8043171448|दयाहाङ राईको सहायक निर्देशन छ|6329
wavs_converted/nep_0546_6827653923|यो सडक मार्गदेखि सत्तरी किलोमिटरमा सिलीगुडीसँग जोडिएको|0546
wavs_converted/nep_3960_8205149857|प्रथम सगरमाथा आरोही एडमन्ड हिलारीको सहयोगमा बनेको कुन्दे अस्पतालले पर्यटक तथा खुम्बु क्षेत्रका स्थानीय बासीको उपचारमा ठुलो योगदान दिएको छ|3960
wavs_converted/nep_0546_2880447148|जमाइकन अमेरिकी महिला चार सय मिटर ओलम्पिक दौड|0546
wavs_converted/nep_9407_1190775953|जात्रा अवधिभरि तिनलाई यसरी खुला रूपमा प्रदर्शन गरिन्छ|9407
wavs_converted/nep_2139_2734997358|मैले एउटा सौन्दर्य सामग्री पसल खोलेको छु|2139
wavs_converted/nep_2099_1866707562|काशीराज उपाध्याय नेपालका पूर्वमन्त्री हुन्|2099
wavs_converted/nep_7957_4268626399|फ्रान्सको लियोनको रेलवे स्टेसन|7957
wavs_converted/nep_7957_0082530407|अङ्ग्रेजी रग्बी सङ्घ प्रणालीको शीर्ष विभाजन|7957
wavs_converted/nep_0283_4559349270|दुई हजार उनान्सत्तरी पौष अट्ठाइस गतेबाट माघ छ गतेसम्म बढैया तालमाघी तथा कृषि महोत्सवको आयोजना गरेको छ|0283
wavs_converted/nep_3614_4532064710|दुई हजार अट्ठाइसमा धानका बाला इलरी बिलरी गीतमा नाच्ने उहाँ पहिलोपटक मञ्चमा पुग्नुभएको हो|3614
wavs_converted/nep_6587_6872949881|पिफाइजरले मुख्यतः चार क्षेत्रमा कार्य गर्दछ|6587
wavs_converted/nep_3614_9071236732|दशरथ चन्द नगरपालिका सुदूर पश्चिमाञ्चलमा अवस्थित निकै प्रख्यात सहर हो|3614
wavs_converted/nep_0283_8183720007|गुँदे ताल कास्की जिल्लाको लेखनाथ नगरपालिकामा अवस्थित ताल हो|0283
wavs_converted/nep_0546_1839946667|यसलाई अङ्ग्रेजीमा ब्ल्याक बाज भनिन्छ|0546
wavs_converted/nep_0883_9164164279|आग्रा मकवानपुर जिल्लामा पर्ने एक गाउँ विकास समिति हो|0883
wavs_converted/nep_6834_5802345009|युरोपेली रुसको केन्द्रमा रहेको सहर|6834
wavs_converted/nep_0649_1734113982|एकान्तमा बस्न डुल्न मन पराउने जापानी इजरायली जर्मन रुसी पर्यटकहरू स्थानीय बासिन्दाका घर भञ्ज्याङका होटलमा क्याम्पसाइटमा पाल टाँग्छन्|0649
wavs_converted/nep_3614_4039936347|क्युबेकको रिमाउस्कीमा रहेको सहर को जिल्ला|3614
wavs_converted/nep_2027_7274060085|इबिपर्ल्सले आफ्नोमार्ग तय गर्दा धेरै कुराहरूमाथि ध्यान पुर्‍याउनु परेको थियो|2027
wavs_converted/nep_3614_8830114578|रसियाको ओब्लास्टको जिल्लामा रहेको नगर|3614
wavs_converted/nep_0258_9867218411|शैलेन्द्र मोहन प्रधान बाबु सङ्गीत संयोजक हुन् र उहाँको जन्म हेटौँडाको स्कुल रोडमा भएको हो|0258
wavs_converted/nep_7957_9402794157|क्युबाको भिल्ला क्लारामा रहेको सहर|7957
wavs_converted/nep_0546_5967412214|कालीगण्डकी खोँच नेपालको मध्यपश्चिमी हिमाली क्षेत्रमा कालीगण्डकी नदीले बनाएको खोँच हो|0546
wavs_converted/nep_0546_7830341512|पञ्चमी बजार सिद्धिथुम्का इलाम जिल्लामा व्यपारिक केन्द्र हो|0546
wavs_converted/nep_0546_9954418010|पाटन अस्पताल पाटन नेपालका पुराना अस्पतालहरूमध्ये एक हो|0546
wavs_converted/nep_0283_8694410705|मसालेदार खाना रुचाउनेहरूले चिली बार एन्ड भोजनालयमा जानु उत्तम हुन्छ|0283
wavs_converted/nep_7957_9680379589|उन्नाइस सय उनन्चासमा कोलम्बियाली फुटबल व्यावसायिकको पहिलो श्रेणी|7957
wavs_converted/nep_3997_3180916082|चितवन राष्ट्रिय निकुञ्जमा सबै खाल्का पर्यटकहरूले मनोरञ्जन प्राप्त गर्न सक्ने हुनाले यो विश्वभर प्रसिद्ध छ|3997
wavs_converted/nep_2099_2765447007|भारतीय परम्पराअनुसार केरलमा पनि गणित अन्तरिक्ष विज्ञान ज्योतिषीको विकास परस्पर सम्बन्धित भयो|2099
wavs_converted/nep_0883_0152052664|पेरुको सबैभन्दा ठूलो सहर लिमा संसारभर प्रख्यात छ|0883
wavs_converted/nep_3614_2778765317|मर्कन्टाइल कम्युनिकेसन्सले अनलाइन पत्रकारितामा पुर्‍याएको योगदानलाई त्यति सहज र हलुका रूपमा भने लिन मिल्दैन|3614
wavs_converted/nep_7957_2306441679|मेन बेल्ट शिशु ग्रह|7957
wavs_converted/nep_6834_0721157241|जर्मन खेलकुद क्लब|6834
wavs_converted/nep_0258_7211607717|डिल्लीराज फुलाराको जन्म सुदूरपश्चिम नेपालको डोटी जिल्लामा भएको हो|0258
wavs_converted/nep_6834_6227221696|शिव शङ्कर रिजाल नेपालका एक चर्चित हाँस्य कलाकार हुन्|6834
wavs_converted/nep_6329_4443049173|इरानको इस्फाहन सहरको केन्द्रमा रहेको स्क्वाएर|6329
wavs_converted/nep_5687_8177101812|यसका सहायक नदीहरू हुम्ला कर्णाली मुगु कर्णाली ठूली भेरी सानी भेरी तिला नदी बुढीगङ्गा सेती नदीहरू हुन्|5687
wavs_converted/nep_5687_8197505801|अतिथि सत्कार नेपाली भोजनालयले पर्यटकहरूलाई शुद्ध नेपाली खाना प्रदान गर्दै आएको छ|5687
wavs_converted/nep_5687_7262327008|वीरेन्द्र प्रहरी अस्पतालमा भवन तथा उपकरणहरूको थप गर्ने कुरा चलिरहेका बेलामा यो कुरा बाहिर आएको हो|5687
wavs_converted/nep_2099_3265813239|कालोटाउके वनकाग नेपालमा पाइने एक प्रकारको चराको नाम हो|2099
wavs_converted/nep_0546_9046666695|अरकिडोनिक एसिडबाट व्युत्पन्न हुन्छ|0546
wavs_converted/nep_6329_8768926311|स्विडेनको भस्त्र गोटाल्यान्ड काउन्टीको बोरस नगरपालिकामा रहेको बसोबास|6329
wavs_converted/nep_6587_0554539830|बर्कसायर हाथवेको पनि प्रचार प्रसार सुरु भएको छ|6587
wavs_converted/nep_5687_9709651893|महोतरी जिल्ला अस्पतालमा कार्यरत कर्मचारीहरूले तलब नपाएको कुरा बाहिर आएको छ|5687
wavs_converted/nep_6834_3376277541|युटिसीको आठ तीसको समय अफसेट सुचक हाल प्रयोगमा नरहेको|6834
wavs_converted/nep_0546_5287880117|भारतको गुजरात सहर|0546
wavs_converted/nep_0258_9856286890|रत्ना जोशीको नाम साङ्गीतिक क्षेत्रमा निकै लोकप्रिय छ|0258
wavs_converted/nep_0546_7965126677|युटिसीको नौ समयको अफसेट सुचक|0546
wavs_converted/nep_0546_1913589364|झङ्कर थापाको जन्म सुदूरपश्चिम नेपालको अछाम जिल्लामा भएको हो|0546
wavs_converted/nep_0546_4571121178|संगीता शाहका गीतहरू अझै पनि लोकप्रिय छन्|0546
wavs_converted/nep_0546_8937731751|जर्मनीको सक्सोनीको फ्री राज्यको जिल्लामा रहेको नगर|0546
wavs_converted/nep_6834_3517640122|एमिनो एसिड ग्लिसाइल को उत्पादन|6834
wavs_converted/nep_0546_5451941367|कालेश्वर महादेवलाई ललितपुरको प्याङ बासीहरू आफ्ना आराध्यदेवका रूपमा लिने गर्दछन्|0546
wavs_converted/nep_9407_0613415585|कर्णाली जिल्लाको मध्य भूभाग हुँदै उत्तरबाट दक्षिणतर्फ बगेको छ|9407
wavs_converted/nep_6834_7318170766|इनग्राममाइक्रो इन्कले आफ्ना उत्पादनहरूलाई बजारसम्म लैजान नयाँ तरिका अवलम्बन गर्‍यो|6834
wavs_converted/nep_3997_3404972096|सीता बुढानिलकण्ठ स्कुलमा कक्षा दसमा र छोरा सज्जन बृहस्पति विद्या सदनमा ८ कक्षामा पढ्दै छन्|3997
wavs_converted/nep_2099_2951995413|एकपटक रसियाको मस्को किमले लग्जरी रेलकारबाटै यात्रा गरेका थिए|2099
wavs_converted/nep_0883_9678478624|जेरुसेलम सहर धार्मिक र ऐतिहासिक रूपले निकै महत्त्वपूर्ण छ|0883
wavs_converted/nep_2139_6873631989|अमरगढी सहर ऐतिहासिक किल्ला अमरगढीको काखमा रहेको छ|2139
wavs_converted/nep_2027_4199215152|स्टान्डर्ड चार्टर्ड बैङ्क नेपाल लिमिटेडले विभिन्न आर्थिक क्षेत्रहरूमा लगानी गरेको छ|2027
wavs_converted/nep_2099_2117262310|मोहनजोदाडो हडप्पा पछि हडप्पा संस्कृतिको कालीबंगा तेस्रो ठुलो नगर सिद्ध भएको छ|2099
wavs_converted/nep_3614_4281830944|न्युजिल्यान्डको दक्षिण आइल्यान्डको उत्तर ओटागोमा रहेको नगरर|3614
wavs_converted/nep_6329_2604883215|ब्रिटिस ब्यान्ड|6329
wavs_converted/nep_0546_5493767844|प्लेग महामारीका समकालीन विवरणहरू विविध केही फरक भेटिएका छन्|0546
wavs_converted/nep_2099_2664037030|यो नदी पाकिस्तानमा हकरा वाहिद नारा नामहरूले जानिन्छ|2099
wavs_converted/nep_5687_9759257572|पद्म रत्न विद्यामन्दिर कलेज सर्लाही जिल्लाको मलङ्गवामा अवस्थित एउटा कलेज हो|5687
wavs_converted/nep_2099_9002481514|दुई हजार आठमा अगस्टमा एक जापानी प्रकाशनले किम दुई हजार तीनमै मरिसकेको दाबी गर्‍यो|2099
wavs_converted/nep_0546_2282619132|उहाँले राष्ट्रिय नाचघरमा जागिर खाँदा नै कलाकारिता सुरु गर्नुभएको|0546
wavs_converted/nep_6834_7006102475|फ्रान्सेली राजनेता आपसिय दार्शनिक अर्थशास्त्री र समाजवादी|6834
wavs_converted/nep_0546_8776000401|निरज कुमारको जन्म सुदूरपश्चिम नेपालको बझाङ जिल्लामा भएको हो|0546
wavs_converted/nep_2099_2156203541|पहाडी जिल्लाहरू इलाम पाँचथर र ताप्लेजुङ तेह्रथुम सङ्खुवासभामा विभाजन गरिनु अघि पल्लो किराँतलाई लिम्बुवान भनिन्थ्यो|2099
wavs_converted/nep_3614_9994154946|जोहान कोल्ट्रेनद्वारा उन्नाइस सय पैसट्ठी स्टुडियो एल्बम|3614
wavs_converted/nep_0546_4451907228|यी दुईटै प्रबल मत छन्|0546
wavs_converted/nep_6834_1874267170|यसको मुख्यालय भियना अस्ट्रियामा छ|6834
wavs_converted/nep_2099_4604098970|उनको जन्म उन्नाइस सय उनान्सत्तरीको मार्च एघारमा अमेरिकाको सिकागो सहरमा भएको थियो|2099
wavs_converted/nep_3614_1308231523|सानो समुद्री सेउडोकोलोमेटहरूको फाइलम|3614
wavs_converted/nep_6834_5260978904|सुनील थापा नेपाली चलचित्र क्षेत्रको एक चर्चित अभिनेता हुन्|6834
wavs_converted/nep_0546_6242395806|जर्मनीको आचेनमा रहेको रोमक्याथोलिक गिर्जाघर|0546
wavs_converted/nep_9407_1315910654|यस मठका देवलहरूमा धेरै सुन्दर चित्रकला गरिएको छ|9407
wavs_converted/nep_3960_7481641089|शाही भारतीय राजकुल|3960
wavs_converted/nep_3614_2317234186|फ्रान्सेली गणतन्त्रको उन्नाइसौँ राष्ट्रपति|3614
wavs_converted/nep_0546_2028204747|फ्रान्सेली कवि र ट्रभर|0546
wavs_converted/nep_9407_4546759808|यो पत्रिकाको प्रकाशक आदर्श कन्या निकेतन हाइस्कुल हो|9407
wavs_converted/nep_0546_8708178608|अमेरिकी अल्पाइन स्कि रेसर|0546
wavs_converted/nep_2099_4050693112|कालिङ्पोङमा तपाईँले प्रत्येक चौबाटोमा स्‍टिम मोमोज आदि खानेकुरा पाउनुहुनेछ|2099
wavs_converted/nep_6587_7320752832|विशेष गरी ब्रेक नृत्यलाई प्राथमिकता दिने उक्त संस्थाले बिबोइङ पोपिङ लोकिङ हिपहप जोड दिँदै आएको छ|6587
wavs_converted/nep_0546_1009807268|केरलको आयुर्वेद चिकित्सा परम्परा शताब्दीयौँदेखि चल्दै आएको छ|0546
wavs_converted/nep_6834_9867321262|स्विस सोल र पप गायक|6834
wavs_converted/nep_0546_6261649465|यस पहरामा जस्तोसुकै खडेरीमा पानीको मुहान सुक्दैन|0546
wavs_converted/nep_2099_2444485210|अन्नबालीको राम्रो उब्जनी कसैलाई पनि रोगव्याधि भोकमरीले अकालमा नमारोस् उनीहरूको प्रार्थना हुन्छ|2099
wavs_converted/nep_2099_6684522365|समुद्र सतहदेखि माथिको भूबनोट यस क्षेत्रअन्तर्गत पर्दछ यस क्षेत्रलाई बाह्रैमास हिउँले ढाकेको पाइन्छ|2099
wavs_converted/nep_0258_9113827113|पदमबहादुर रोकायाको जन्म सुदूरपश्चिम नेपालको बझाङ जिल्लामा भएको हो|0258
wavs_converted/nep_2139_3812513190|अञ्जु किराना पसलबाट ल्याएको सामान असलै हुन्छ|2139
wavs_converted/nep_0546_8729437951|अफ्रिकी महादेशको पश्चिमी क्षेत्र|0546
wavs_converted/nep_0546_5082066987|कालोपुच्छ्रे कस्दरी नेपालमा पाइने एक प्रकारको चराको नाम हो|0546
wavs_converted/nep_2099_0631115901|चीनमा उपलब्ध चिकित्सक अभिलेखमा उल्लेख गरिएको लसीका ग्रन्थी महामारी सोह्र सय चवालीसमा भएको पाइयो|2099
wavs_converted/nep_0546_6587298618|शनिवार सुरु हुने साधारण वर्ष|0546
wavs_converted/nep_0546_2566323184|जिल्ला आयुर्वेद स्वास्थ्यकेन्द्रले जिल्लामा भएका अन्य केन्द्रहरूलाई आवश्यक औषधि प्रदान गर्छ|0546
wavs_converted/nep_2099_5521500706|उन्नाइस सय अठहत्तरमा कोरियाका फिल्म निर्देशक सिङ साङ ओकलाई अपहरण गर्ने आदेश दिए|2099
wavs_converted/nep_7957_8852910206|संयुक्त राज्य अमेरिकामा व्यावसायिक साइकलिस्ट|7957
wavs_converted/nep_6834_4724297264|केकी अधिकारी एक नेपाली अभिनेत्री तथा व्यावसायिक मोडेल हुन्|6834
wavs_converted/nep_0546_4874583637|पूर्णा जोशीको जन्म सुदूरपश्चिम नेपालको डोटी जिल्लामा भएको हो|0546
wavs_converted/nep_3960_3736319398|दक्षिण अफ्रीकी ठिक्कदूरी धावक|3960
wavs_converted/nep_0546_3735008673|ब्रेन डिजिट आइटी सलुसन वार्षिक रूपमा करोडौँको मुनाफा कमाएको छ|0546
wavs_converted/nep_2027_4177543423|सबैभन्दा सानो ताल मैदी तालभन्दा दुई किमी पश्चिममा पर्छ|2027
wavs_converted/nep_3997_7207171120|यो जिल्ला अन्नपूर्ण हिम श्रृङ्खला माछापुच्छ्रे हिमालको काखमा रहेको छ|3997
wavs_converted/nep_3960_5588719428|इटालीको ट्रेभिसोको सोह्रौँ शताब्दीमा पर्खालमा भएको ढोका|3960
wavs_converted/nep_0283_6656084051|सुविधा सम्पन्न व्यापारिक कम्लेक्स तथा मलहरू खुल्ने क्रम बढ्दो छ यही क्रममा दरबारमार्गस्थित राइजिङ मल खुलेको छ|0283
wavs_converted/nep_3960_9061280706|जर्मन राष्ट्रिय फुटबल टोली र पूर्व फुटबल खेलाडीको प्रबन्धक|3960
wavs_converted/nep_6834_5007479984|ज्योति काफ्ले नेपालका एक चर्चित हाँस्य कलाकार हुन्|6834
wavs_converted/nep_3614_9415032793|कोलम्बिया मा व्यावसायिक फुटबलको मौसम|3614
wavs_converted/nep_2099_5267195265|पहाडी फेदी मैदानी उपत्यका भिराला पाखाहरूको भाग नदी खोलाहरूको किनारका समथर भाग यस क्षेत्रमा पर्दछन|2099
wavs_converted/nep_6329_1654726974|पारिस्थितिक डिजाइन पारिस्थितिक ईन्जिनियरिङ् र पर्यावरण डिजाइनका शाखा|6329
wavs_converted/nep_3614_2303405182|माछापु्च्छ्रे र फेवातालको प्रतिविम्ब जिल्ला पर्यटन व्यवसायका रथी हुन्|3614
wavs_converted/nep_3997_2549800864|कञ्चनजङ्घा हिमाल नजिकबाट उत्पत्ति भएको तमोर नदी देशकै प्रथम स्तरको नदीका रूपमा पर्न आँउछ|3997
wavs_converted/nep_0546_8337996134|कालो विरहीचरी नेपालमा पाइने एक प्रकारको चराको नाम हो|0546
wavs_converted/nep_0546_9890598208|तालबाट हालका अवस्थासम्म बेगनास र रूपा तालबाट चाहेजतिको उपयोगिता नगरबासीहरूले लिन सकिरहेका छैनन्|0546
wavs_converted/nep_3154_0741391373|द टिजेएक्स कम्पनीज इन्कसँग कुनै पनि कम्पनीलाई तुलना गर्न मिल्दैन|3154
wavs_converted/nep_6834_3505991573|वर्ल्ड फ्युल सर्भिसेज कर्पोरेसनले इन्धनका विभिन्न समस्याहरूमाथि कार्य गर्दछ|6834
wavs_converted/nep_6834_1520360646|कुञ्जना घिमिरे एक नेपाली हास्य कलाकार अभिनेत्री हुन् उनी मेरी बास्सै नामक एक कार्यक्रमबाट चर्चित भएकी हुन्|6834
wavs_converted/nep_6834_9740563659|अन्तर्विनिमय लागि डिजाइन गरिएको मानव पठनीय पाठमा आधारित खुला मानक|6834
wavs_converted/nep_3614_1397906315|सबै आधुनिक कम्प्युटरमा भेटिएका प्रिन्टेड सर्किट बोर्ड पिसिबी|3614
wavs_converted/nep_3614_0030611347|मलयालमको साहित्य आठ शताब्दी भन्दा अधिक पुराना छन्|3614
wavs_converted/nep_0546_7865243262|सेतुराम श्रेष्ठ प्रसिद्ध नेपाली गायक थिए|0546
wavs_converted/nep_0546_7314848881|एकल साहित्यिक साँझमा साहित्यकार डम्बर शर्मा बडुले भाग लिएका थिए|0546
wavs_converted/nep_6329_1417746793|इन्डोनेसियाको एसेह विशेष क्षेत्र प्रान्तमा रहेको रिजेन्सी|6329
wavs_converted/nep_6329_6330862393|तापक्रमसँग व्यक्तिगत कण स्तरमा शारीरिक निरन्तरता सम्बन्धित ऊर्जा|6329
wavs_converted/nep_6587_1877707428|नेपालमा आएको विनाशकारी भूकम्पबाट पीडितहरूलाई टाइम वार्नर इन्कले राहत प्रदान गर्‍यो|6587
wavs_converted/nep_6834_2343168829|उषा रजक जन्म उन्नाइस सय पचासी नेपाली मोडेल तथा नायिका हुन्|6834
wavs_converted/nep_7957_9978009630|टस्क्यानीमा रहेको इटालियन सहर|7957
wavs_converted/nep_3614_7543992743|यी नदीहरू आज वर्षा ॠतुमा प्रवाहित हुन्छन्|3614
wavs_converted/nep_6329_4334545908|कम्प्युटर सञ्जाल उपकरण|6329
wavs_converted/nep_6329_3013248021|अमेरिकी कम्प्युटर वैज्ञानिक र इन्टरनेट उद्यमी|6329
wavs_converted/nep_5687_5273264237|करिब पन्ध्र करोडको लगानी रहेको ह्याप्पी किचनका सञ्चालक शङ्कर सिंङको भनाइ छ|5687
wavs_converted/nep_3614_0089798290|सन् सात सय पचास पछि यो महामारी चौध शताब्दीको कालो मृत्युसम्म फर्किएन|3614
wavs_converted/nep_0546_3665916054|दुई आयामिक भेक्टर र ग्राफिक्सका लागि खुला मानक|0546
wavs_converted/nep_3960_3098328745|फिनल्याण्डको स्वायत्त क्षेत्र|3960
wavs_converted/nep_7957_4817046571|धेरै फरक टीम खेलकुदद्वारा प्रयोग गर्ने शासन|7957
wavs_converted/nep_0546_3339057687|फ्रान्सेली प्राकृतिक विशेषज्ञ र किराको विशेषज्ञ|0546
wavs_converted/nep_3614_3903029372|प्राचीन रोमन धर्म र मिथकमा देवताहरूको राजा|3614
wavs_converted/nep_2099_8937187845|पर्यटककै सुविधाका लागि हाल सो क्षेत्रमा सार्वजनिक सौचालय बिजुली बत्ती खानेपानीको राम्रो व्यवस्था गरिएको छ|2099
wavs_converted/nep_3614_4477039718|फ्रान्सेली कठपुतली देखाउने व्यक्ति|3614
wavs_converted/nep_3960_1639793466|घटनाहरू जुन मुख्यतया मोटोर राखिएको गाडीहरूको प्रयोगले हुन्छ|3960
wavs_converted/nep_9407_9632964143|यो पत्रिकाको प्रकाशक लालचन्द्र राजभण्डारी हो|9407
wavs_converted/nep_3960_1826996313|रिलायन्स अन्तर्राष्ट्रिय एकेडेमीले बास्केटबल तथा भलिबलमा निकै राम्रो प्रगति गरेको छ|3960
wavs_converted/nep_0546_5596997258|जर्मनीको ब्याम्बर्जमा रहेको रोमन क्याथोलिक गिर्जाघर|0546
wavs_converted/nep_3960_9945447597|फ्रान्सको लियोन सहरको इतिहास|3960
wavs_converted/nep_3960_1403101085|सहरी क्षेत्रमा रहेको यात्री रेल प्रणाली|3960
wavs_converted/nep_6834_1400371955|रुसमा रहेको अलवण ताल|6834
wavs_converted/nep_3960_8472855785|क्युरायस कुलको वंश|3960
wavs_converted/nep_0546_8860380762|गोरखा जिल्लाको सदरमुकाम पृथ्वीनारायण नगरपालिका गोरखा बजारमा रहेको गोरखा अस्पताल यो क्षेत्रको मुख्य अस्पताल हो|0546
wavs_converted/nep_2027_2135210073|जस्तोसुकै ग्राहकको चित्त बुझाउन सक्ने एकमात्र बार एस क्याफे एन्ड बार हो|2027
wavs_converted/nep_0283_7189052277|यो बाटो दक्षिण पश्चिम दिशातिर मोडिन्छ र चितवन नवलपरासी जिल्लाको सिमानाबाट भारत छिर्दछ|0283
wavs_converted/nep_6329_9105965308|आर्किडोनिक एसिडबा बायोसक्रिय उत्पादन उत्पन्न|6329
wavs_converted/nep_0546_3655731348|पुरानो फ्रान्सेली ट्रोउभर|0546
wavs_converted/nep_0283_0964661420|सुर्खेत जुम्ला सडक यो गाउँबाटै जान्छ यो गाउँलाई पिपलकोटको मुख्य व्यापारिक स्थानमा लिन सकिन्छ|0283
wavs_converted/nep_0546_2592619420|इटालियन चित्रकार र संगीतकार|0546
wavs_converted/nep_2139_9844899078|कालेश्वर नेपालको बागमती अञ्चलको ललितपुर जिल्लाको गाँउ विकास समिति हो|2139
wavs_converted/nep_2099_2545982989|पाँच सय तीसको पाटन खपिन्छें अभिलेखमा|2099
wavs_converted/nep_0546_5082936888|कर्कपेट्रीकले सत्ताइस जना शासकले एक सय त्रिसट्ठी वर्ष शासन गरेको लेख्दछन्|0546
wavs_converted/nep_3960_7060216663|आल्प्स पर्वत श्रेणी नजिकै निर्माण पैरबाँसा घरहरूको श्रृंखला|3960
wavs_converted/nep_6834_7597189861|हिक्मत बोहराले आफ्नो सङ्गीत कम्पनी राम्रोसँग सञ्चालन गरेका थिए|6834
wavs_converted/nep_6587_9532577851|भ्यालेरो इनर्जीले ऊर्जा क्षेत्रमा पुर्‍याएको योगदानलाई कसैले बिर्सनुहुँदैन|6587
wavs_converted/nep_2099_8669830734|अरू दिन खान्छन् एक दिन केही नखाई गुठियारहरूले व्रत बसेका परापूर्वकालीन प्रचलनको पालन गर्ने गरिन्छ|2099
wavs_converted/nep_3614_1694075973|एउटा वैचारिक चित्र दिन खोजेको पाउनुहुनेछ|3614
wavs_converted/nep_3614_9457887026|गोपाल वंशावलीमा किराँतहरूले महिषपालहरूलाई जिती नेपाल खाल्डोमा आफ्नो राज्य कायम गर्ने उल्लेख पाइन्छ|3614
wavs_converted/nep_3154_6714923454|लोवेज कम्पनीजले आफ्नो क्षेत्रका सबै विषयलाई समेटेर कार्य अघि बढाएको छ|3154
wavs_converted/nep_2139_8200513089|इटहरी उप महानगरपालिका सुनसरीमा पर्ने एउटा उप महानगरपालिका हो|2139
wavs_converted/nep_2099_4449358732|अन्नपूर्ण प्रथम यसै जिल्लाको उत्तरपश्चिम सिमानामा पर्छ मनमोहक कुमारी चुचुरा माछापुच्छ्रे हिमाल जिल्लाको मध्यभागमा पर्दछ|2099
wavs_converted/nep_0546_6902458143|जर्मनीको थुरिङियाको ग्रेइजको जिल्लामा रहेको नगर|0546
wavs_converted/nep_6834_5070348763|उत्तरपश्चिमी फ्रान्सको ब्रिटेनी को नदी|6834
wavs_converted/nep_3960_9589047460|डच सत्रौँ सताब्दी चित्रकार र इचर|3960
wavs_converted/nep_2099_5648258185|यो क्षेत्र पहिरो जाने भूकम्पको केन्द्र विन्दुको अत्यन्त प्रमुख मानिन्छ|2099
wavs_converted/nep_3614_2378925898|धेरै ठुलो जमिनको भाग|3614
wavs_converted/nep_2099_3420424836|यस्ता शब्दहरूको प्रयोगले अभिवक्तालाई लाग्दछ उसले जनाउन खोजेको अस्वीकृति भित्रैदेखि जानियो|2099
wavs_converted/nep_0546_5273088105|अस्ट्रिया इटाली जर्मनी बेलायत स्लोभेनिया आदि विभिन्न राष्ट्रहरूबाट पनि सहयोग प्राप्त हुने सिलसिला जारी रहेको छ|0546
wavs_converted/nep_3960_1194181963|त्रिचालिसौँ एफआइएस अल्पाइन स्कि विश्व कप मौसम|3960
wavs_converted/nep_9407_8029469037|यी सबै वर्ग मिलेर आधुनिक केरलका समाजको निर्माण भएको छ|9407
wavs_converted/nep_0546_6297249192|अमेरिकी फिलिम निर्देशक पटकथा लेखक निर्माता नृत्य निर्देशक र सम्पादक|0546
wavs_converted/nep_0883_6567311100|मायमी सहर आजभोलि निकै प्रख्यात हुन थालेको छ|0883
wavs_converted/nep_0546_7511966218|यो गाविस उत्तर दक्षिणतर्फ जोगमाई नदीसम्मा फैलिएको छ|0546
wavs_converted/nep_6834_3458812015|क्युबाको मातान्हास प्रान्तमा रहेको र सहर|6834
wavs_converted/nep_0546_7066975831|दिपेन्द्र बहादुर सिंहको जन्म सुदूरपश्चिम नेपालको बझाङ जिल्लामा भएको हो|0546
wavs_converted/nep_0546_2500635318|उहाँ वरिष्ठ कलाकार हरिप्रसाद रिमालकी श्रीमती हुनुहुन्छ|0546
wavs_converted/nep_5687_0623653098|नेपाल मेडिकल कलेज शिक्षण अस्पतालले नेपालको स्वास्थ क्षेत्रमा निकै राम्रो काम गर्दै आएको छ|5687
wavs_converted/nep_3960_5475188361|गण्डकी क्षेत्र मात्र नभएर यो एउटा संस्कृति पनि हो|3960
wavs_converted/nep_0546_4235434290|सिनेटर र रोमन साम्राज्यको इतिहासकार|0546
wavs_converted/nep_0546_7212931328|नेपाली आधुनिक गायक सुकमित गुरुङले गाउन सुरु गर्दा नेपाली पप विधा जन्मिएकै थिएन|0546
wavs_converted/nep_6329_8643778735|जर्मन अमेरिकी अभिनेत्री र गायक|6329
wavs_converted/nep_2099_8222318810|कालो तिल तिलबाट प्राप्त हुने बिउ तेल उत्पादनको लागि प्रयोग गरिन्छ|2099
wavs_converted/nep_5687_9553676573|बिमला कस्मेटिक एन्ड किराना पसलमा सौन्दर्य प्रशोधनका साधनहरूका साथै किराना सामग्रीहरू पाउन सकिन्छ|5687
wavs_converted/nep_6587_8915373320|कार्डिनल हेल्थ केन्द्रमा बिरामीको सधैँ भिड रहन्छ|6587
wavs_converted/nep_6329_3418441174|भारतको उत्तर प्रदेशमा रहेको सहर|6329
wavs_converted/nep_0546_1488676727|किचकवध भन्ने ठाउँ झापा जिल्लाको पृथ्वीनगर गाविसमा छ|0546
wavs_converted/nep_7957_2831159128|फ्रान्सको नाइभरमा रहेको समुदाय|7957
wavs_converted/nep_0258_0576399736|टेकबहादुर ऐरको जन्म सुदूरपश्चिम नेपालको डडेलधुरा जिल्लामा भएको हो|0258
wavs_converted/nep_6329_8797760503|डेनिस सामाजिक प्रजातन्त्रवादी राजनीतिज्ञ|6329
wavs_converted/nep_0883_0681743016|अबोव्यान आर्मेनियाको एउटा समुदाय हो|0883
wavs_converted/nep_7957_5435738711|पुरानो फ्रान्सेली कवि|7957
wavs_converted/nep_3960_3941850877|मास्कोमा रहेको तीव्र ढुवानी प्रणाली|3960
wavs_converted/nep_0546_5176171202|मोन्टेनेग्रोमा भएको यो खेलको सुरुमा नै रसियाका गोलकिपर इगोर एकिनफेभमाथि आक्रमण भएको थियो|0546
wavs_converted/nep_3614_9258380584|यहाँ बाट चोला श्रेणीको राम्रो दृश्य देखिन्छ|3614
wavs_converted/nep_0546_3719657199|प्रारम्भिक इटालियन रेनासाइन्स चित्रकार|0546
wavs_converted/nep_0546_5748448669|कालोटाउके हाँस नेपालमा पाइने एक प्रकारको चराको नाम हो|0546
wavs_converted/nep_6834_6910353378|सन् अठार सय चालिसमा न्युजिल्यान्ड सन् अठार सय उननसाट्ठीमा क्वीन्सल्यान्ड बन्यो|6834
wavs_converted/nep_0546_7094533040|परिमल स्नेही बझाङ चैनपुरमा जन्मिएका हुन्|0546
wavs_converted/nep_0546_3785618587|गौतम बुद्ध विमानस्थल नेपालको राजधानी काठमाडौँबाट दुई सय नब्बे किलोमिटर टाढा सिदार्थनगरमा रहेको विमानस्थल हो|0546
wavs_converted/nep_0546_3379641776|रुसी चित्रकार र ग्राफिक कलाकार|0546
wavs_converted/nep_0546_9929277968|हन्डुरासको काखमा रहेको कोट|0546
wavs_converted/nep_3997_3591080227|इस्टोनिया आधिकारिक नाम गणतन्त्र इस्टोनिया उत्तरी युरोपको बाल्टिक क्षेत्रमा पर्ने राष्ट्र हो|3997
wavs_converted/nep_6329_1561384045|मध्ययुगीन कवि एेतिहासिक घटना लेखक र पादरी लेखक|6329
wavs_converted/nep_3960_5689392743|फ्रान्सेली हवाई चालक|3960
wavs_converted/nep_0546_6730177303|रुसको भोलोग्डा ओब्लास्टमा रहेको सहर|0546
wavs_converted/nep_0546_3805346971|मध्ययुगीन गायक वा सङ्गितकार|0546
wavs_converted/nep_2099_5327754802|वैश्विक शान्ति सूचकाङ्क सर्वेक्षणमा आइसल्यान्ड पछि विश्वको दोस्रो शान्तिपूर्ण देश र संसारको सबै भन्दा कम भ्रष्ट देशमा सामेल छ|2099
wavs_converted/nep_0546_3468463359|सार्क क्षयरोग केन्द्र नेपालमा रहेका छ र यसले सार्क क्षेत्रकै क्षयरोगीहरूको उपचार गर्दछ|0546
wavs_converted/nep_0546_6714476998|जीवाणु एकबाट अर्कोमा सर्ने विस्तृत प्रक्रिया अठार सय अन्ठानब्बेमा स्थापित गरेको|0546
wavs_converted/nep_3960_4683668854|इरानको जैजान प्रान्तको अभर काउन्टीको जिल्लामा रहेको राजधानी|3960
wavs_converted/nep_0546_4710635421|चित्र पनेरुको जन्म सुदूरपश्चिम नेपालको डोटी जिल्लामा भएको हो|0546
wavs_converted/nep_6329_6447083608|स्वायत्त समुदाय र उत्तरी स्पेनमा रहेको प्रान्त|6329
wavs_converted/nep_0883_2369430056|उनले जर्मनी युगोस्लाभिया बेल्जीयम फ्रान्स र भारतमा पनि आफ्नो साङ्गीतिक कला प्रस्तुत गरेका थिए|0883
wavs_converted/nep_0546_6895873651|कमला खड्काको जन्म सुदूरपश्चिम नेपालको बझाङ जिल्लामा भएको हो|0546
wavs_converted/nep_7957_5688499953|उत्तर पश्चिमी क्षेत्रको राजधानी|7957
wavs_converted/nep_0546_9587230848|राष्ट्रपति दिमित्री मेद्भिदेभसँग वार्ता गर्न अगस्टमा उनी रेलमा गएका थिए|0546
wavs_converted/nep_6834_0276587531|सानैदेखि सङ्गीतमा रुचि राख्ने अधिकारीले सुरुमा हार्मोनियममा शिव शङ्करबाट तालिम लिएका थिए|6834
wavs_converted/nep_9407_2812946804|एक दिन व्रत बस्नु भनेको स्वास्थ्यका दृष्टिले पनि लाभदायक मानिन्छ|9407
wavs_converted/nep_6329_0880228066|स्विट्जरल्यान्डमा रहेको नगरपालिका|6329
wavs_converted/nep_6587_3335469989|नभेम्बर उन्नास सय अट्चालिस मा जनरल मोटर्स होल्डनस फिसरम्यानका|6587
wavs_converted/nep_0546_9970131737|अमेरिकी रक एन रोल अग्रगामी|0546
wavs_converted/nep_0546_8679094848|न्युरेनी ताल कास्की जिल्लाको लेखनाथ नगरपालिकामा अवस्थित ताल हो|0546
wavs_converted/nep_3960_1523746670|नरहरिलाई खोटाङ जिल्ला अस्पताल पदस्थापना गर्दा उनीहरूलाई केको समस्या|3960
wavs_converted/nep_7957_1388418121|फ्रान्सेली क्रान्ति पछि क्रान्तिकारी वार्स समयमा फ्रान्स को सेनाद्वारा विजय|7957
wavs_converted/nep_0546_2254855120|मोमो स्टार रेस्टुरेन्टमा पाइने मोमो अन्य ठाउँमा पाइनेभन्दा निकै फरक छ|0546
wavs_converted/nep_0546_1932438217|शीरमेमोरीयल अस्पतालमा देखा परेको समस्या यो भन्दा अघि कुनै पनि अस्पतालमा देखिएको थिएन|0546
wavs_converted/nep_0883_3323148122|यसका अतिरिक्त यहाँ तिस्‍ता नदीमा रोमान्चक खेल राफ्टिङको सुरुआत गरिएको छ|0883
wavs_converted/nep_2099_9266245157|अमरकोष लगाएतका धर्मग्रन्थहरूमा किराँतहरूलाई म्लेच्छ मानिएको|2099
wavs_converted/nep_7957_5716140709|नुआकाटा द्विपमा बोलिने अस्ट्रोनेसियाली भाषा|7957
wavs_converted/nep_6834_6501222973|मुक्त राम आचार्य नेपाली चलचित्र क्षेत्रका एक चर्चित नायक हुन्|6834
wavs_converted/nep_7957_3122821499|लोगारिदमिक एकाइ भौतिक मात्राको अनुपात व्यक्त|7957
wavs_converted/nep_6329_4653501568|केन्द्रीय एसियामा अवस्थित पर्वत श्रेणीको प्रणाली|6329
wavs_converted/nep_0546_3803170301|फ्रान्सेली चरण र प्रारम्भिक फिल्म अभिनेत्री|0546
wavs_converted/nep_6329_8652690304|रुसमा रहेको सहर कोमी गणतन्त्रको राजधानी|6329
wavs_converted/nep_3614_7790191733|काठमाडौँ बर्नहार्ड कलेजमा विज्ञानमानविकी तथा व्यवस्थापन विषयहरूमा पढाइ हुन्छ|3614
wavs_converted/nep_3960_1553558965|उत्तरी इटलीको भेनेटोको ट्रेभिसोमा रहेको भवन|3960
wavs_converted/nep_0546_5649057553|यो गाविस उत्तर दक्षिणतर्फ जोगमाई नदीसम्म फैलिएको छ|0546
wavs_converted/nep_0546_2918033281|खेल जसमा बल उच्च गोल पोस्टमा गोल गर्न पूर्ण टोली हुन्छन्|0546
wavs_converted/nep_2099_5032830850|पूर्वी जर्मनका एक कृषकले कुकुरजत्रा खरायो हाइब्रिड गरे|2099
wavs_converted/nep_2099_0972783303|कालीकण्ठे सारस नेपालमा पाइने एक प्रकारको चराको नाम हो|2099
wavs_converted/nep_3960_3398068149|स्याउले दिपायल सडकबाट स्याउले बजार हुँदै दिपायल पुग्न लगभग चार घन्टाको यात्रा गर्नुपर्छ|3960
wavs_converted/nep_0546_8512196296|पाँच सय तीसको पाटन खपिन्छेँ अभिलेखमा प्रमाणिक चर्चा पाइन्छ|0546
wavs_converted/nep_0546_5121682352|कालो अक्षर कमल दीक्षितद्वारा लेखिएको कृति हो|0546
wavs_converted/nep_2099_4208594844|किरण यादव त्रिभुवन विश्वविद्यालय पद्मकन्या क्याम्पसबाट अर्थशास्त्रमा स्नातक किरण यादव समानुपातिकतर्फ नेपाली काङ्ग्रेसका सभासद् हुनुहुन्छ|2099
wavs_converted/nep_3960_7639564036|उत्तर राइन वेस्टफेलिया जर्मनीमा रहेको सहर|3960
wavs_converted/nep_3614_5893764600|कालोबंगा एक सानो नगर थियो|3614
wavs_converted/nep_3960_1248006474|जर्मन लेखक कलाकार र राजनेता|3960
wavs_converted/nep_0258_3178538388|बिमला बुढाको जन्म सुदूरपश्चिम नेपालको बाजुरा जिल्लामा भएको हो|0258
wavs_converted/nep_3614_2438159929|यसको लागि पनि धेरै विदेशी पर्यटकहरू केरल आउँछन्|3614
wavs_converted/nep_6587_9726549399|एटी एन्ड टी दोश्रो ठुलो मोबाइल फोनको प्रदायक हो भने टेलिफोनको सबैभन्दा ठुलो प्रदायक हो|6587
wavs_converted/nep_6329_7372038748|अमेरिकी हास्य अभिनेता अभिनेता र कलाकार|6329
wavs_converted/nep_7957_1988178635|सार्वजनिक परिवहन प्रदान गर्न डुङाको प्रयोग|7957
wavs_converted/nep_0546_9624031563|राजेशपायल राई उदय सोताङ सङ्गीता राना रिमा गुरुङ होडा स्वरूपराज आचार्य अन्जु पन्त तथा दीपक लिम्बु सबै राम्रा गायक हुन्|0546
wavs_converted/nep_9407_2488033066|साहित्य र कलाका विकासमा तिनको योगदान महत्त्वपूर्ण छ|9407
wavs_converted/nep_3154_8487097552|ह्याल्लीबर्टन कम्पनीले पनि नेपाललाई निकै मद्दत गरेको छ|3154
wavs_converted/nep_0546_7528731180|कागजातहरू जनाउने र त्यसमा कार्य गर्ने परिपाटी|0546
wavs_converted/nep_2099_6718283522|कालो मृत्युको सबभन्दा प्रबल व्याख्या प्लेग मानिन्छ कारण जीवाणु हो|2099
wavs_converted/nep_0546_2598767507|पूर्वोत्तर पोल्यान्ड र रुसमा रहेको नदी|0546
wavs_converted/nep_7957_8964412285|उज्बेकिस्तानको बुखरा प्रान्तमा रहेको सहर|7957
wavs_converted/nep_3614_4405853214|चीनको जेजियाङ प्रान्तमा रहेको राजधानी|3614
wavs_converted/nep_3614_7407832650|मध्यवर्ती पहाड डाँडाहरू जिल्लाको पाँचसय मिटरदेखि तल भिरालो पाखा होचा डाँडाहरू यस क्षेत्रमा पर्दछन्|3614
wavs_converted/nep_3960_4363545260|भेनिसको हाबेरडासेर्सको मार्गमा रहेको पुल|3960
wavs_converted/nep_2099_9758916255|कालीकण्ठे घाँसेफिस्टो नेपालमा पाइने एक प्रकारको चराको नाम हो|2099
wavs_converted/nep_6329_2714448486|फ्रान्सेली गणतन्त्रको एक्काइसौँ राष्ट्रपति|6329
wavs_converted/nep_3960_9691115202|जर्मनीको बाडेन व्युर्टेबर्गमा रहेको सहर|3960
wavs_converted/nep_3997_2795956809|अब उनी प्रसादी अकाडेमी जावलाखेलमा विज्ञान विषय लिएर पढ्ने छिन्|3997
wavs_converted/nep_3960_5797839797|जिब्रो रेस्टो र बारमा पाइने खाना अन्य स्थानको भन्दा मिठो छ|3960
wavs_converted/nep_3960_6022396988|शरीर लागि पोषण सहायता प्रदान गर्न खपत गरिने कुनै पनि पदार्थ|3960
wavs_converted/nep_6329_0280026730|दक्षिण अमेरिकाको पश्चिमी पक्षसँग पर्वत श्रेणी चलिरहेको|6329
wavs_converted/nep_0258_9678022366|नवीन भट्टराई नेपाली पप गायनमा ख्याति कमाएका गायक हुन्|0258
wavs_converted/nep_0546_3844213957|अरबी ऐतिहासिक र पुरातात्विक सहर|0546
wavs_converted/nep_6834_1529067656|नायिका रेजिना उप्रेतीसँग विवाह बन्धनमा बाँधिएकै भोलि पल्ट उनका पति सुरज पोखरेल लन्डन उडेका छन्|6834
wavs_converted/nep_0546_0388611826|कम्प्युटर लागि इलेक्ट्रोनिक दृश्य प्रदर्शन|0546
wavs_converted/nep_2139_5134194887|वाइटुक यस क्षेत्रको एउटा नयाँ कम्पनी हो|2139
wavs_converted/nep_3960_9299036721|डायरीको विनासको सिकार र लेखकको|3960
wavs_converted/nep_3614_1945893527|पोप अठार सय उनान्तीस देखि तीस सम्म|3614
wavs_converted/nep_0546_0657727170|सुदूरपश्चिम नेपालको बझाङ जिल्लामा जन्मेका हेमन्त रोकायाका गीतहरू लोकप्रिय छन्|0546
wavs_converted/nep_2099_3928220943|तपाईँको मान्यतालाई नपर्खेको तपाईँको मान्यताको आशा नराखीकन सुरु हुन्छ|2099
wavs_converted/nep_0546_8216444997|पूर्वपश्चिम राजमार्ग दक्षिणतर्फ धनगढी नगरपालिका पर्दछ|0546
wavs_converted/nep_9407_8654587697|मलयालमको साहित्य मौखिक रूपमा शताब्दीयौँ पुरानो साहित्य हो|9407
